{"chunk_definitions":[{"row":24,"row_count":1,"visible":true,"expansion_state":0,"options":{"engine":"r","label":"unnamed-chunk-8"},"document_id":"B2CE7AF0","chunk_id":"cvj0p7z4vklkm","chunk_label":"unnamed-chunk-1"},{"row":41,"row_count":1,"visible":true,"expansion_state":0,"options":{"include":false,"engine":"r","label":"unnamed-chunk-3"},"document_id":"B2CE7AF0","chunk_id":"csetup_chunk","chunk_label":"setup"},{"row":69,"row_count":1,"visible":true,"expansion_state":0,"options":{"engine":"r","label":"unnamed-chunk-3"},"document_id":"B2CE7AF0","chunk_id":"ccquf4l15a8mr","chunk_label":"unnamed-chunk-3"},{"row":80,"row_count":1,"visible":true,"expansion_state":0,"options":{"engine":"r","label":"unnamed-chunk-9"},"document_id":"B2CE7AF0","chunk_id":"ckqws7xby00mw","chunk_label":"unnamed-chunk-4"},{"row":94,"row_count":1,"visible":true,"expansion_state":0,"options":{"engine":"r","label":"unnamed-chunk-5"},"document_id":"B2CE7AF0","chunk_id":"ct3359o7m6ra6","chunk_label":"unnamed-chunk-5"},{"row":105,"row_count":1,"visible":true,"expansion_state":0,"options":{"engine":"r","label":"unnamed-chunk-6"},"document_id":"B2CE7AF0","chunk_id":"csfhjh4yqau1m","chunk_label":"unnamed-chunk-6"},{"row":116,"row_count":1,"visible":true,"expansion_state":0,"options":{"engine":"r","label":"unnamed-chunk-7"},"document_id":"B2CE7AF0","chunk_id":"cjj8teqc5yt8u","chunk_label":"unnamed-chunk-7"}],"doc_write_time":1682537707,"chunk_rendered_width":686}