"0","library(ggplot2)"
"0",""
"0","map_data <- map_data(""world"")"
"0","view(map_data)"
"0","map_data <- left_join(map_data, data_set_sa4, by=""region"")"
"0","view(map_data)"
"0",""
"0","mapdata1<-mapdata %>% filter(!is.na(data_set_sa4$obs_value))"
"1","[1m[33mError[39m in `filter()`:[22m
[38;5;232m[36mℹ[38;5;232m In argument: `!is.na(data_set_sa4$obs_value)`.[39m
[1mCaused by error:[22m
[38;5;232m[33m![38;5;232m `..1` must be of size 99338 or 1, not size 12.[39m
Backtrace:
[90m 1. [39mmapdata %>% filter(!is.na(data_set_sa4$obs_value))
[90m 9. [39m[1mdplyr[22m:::dplyr_internal_error(...)
"
