"0","install.packages(""ggplot2"")   #only do this once"
"1","Error in "
"1",""
"1","install.packages"
"1",""
"1"," : "
"1",""
"1","Updating loaded packages"
"1",""
"1","
"
"0","install.packages(""tidyverse"") #only do this once"
"1","Error in "
"1",""
"1","install.packages"
"1",""
"1"," : "
"1",""
"1","Updating loaded packages"
"1",""
"1","
"
"0","library(ggplot2)              #needs to be done each r session"
"0","library(tidyverse)            #needs to be done each r session"
"0",""
"0",""
"0",""
"0","mapdata <- map_data(""world"") ##ggplot2"
"0","View(mapdata)"
"0","mapdata <- left_join(mapdata, data_set_sa2, by=""region"")"
"1","[1m[33mError[39m in `left_join()`:[22m
[38;5;232m[33m![38;5;232m Join columns in `y` must be present in the data.
[31m✖[38;5;232m Problem with `region`.[39m
Backtrace:
[90m 1. [39m[1mdplyr[22m::left_join(mapdata, data_set_sa2, by = ""region"")
[90m 2. [39m[1m[94mdplyr:::left_join.data.frame([39m[22mmapdata, data_set_sa2, by = ""region""[1m[94m)[39m[22m
"
