"0","library(ggplot2)"
"0",""
"0","map_data <- map_data(""world"")"
"0","view(map_data)"
"0","map_data <- left_join(map_data, data_set_sa7, by=""region"")"
"0","view(map_data)"
"0",""
"0","map4 <- ggplot(map_data, aes(x = long, y = lat, group = group)) +"
"0","  geom_polygon(aes(fill = migration), colour = 'black') +"
"0",""
"0","  theme("
"0","    axis.text.x = element_blank(),"
"0","    axis.text.y = element_blank(),"
"0","    axis.ticks = element_blank(),"
"0","    axis.ticks.x = element_blank(),"
"0","    axis.ticks.y = element_blank(),"
"0","    rect = element_blank(),"
"0","    axis.title.x = element_blank(),"
"0","    axis.title.y = element_blank()"
"0","  ) +"
"0","  xlab('') +"
"0","  ylab('')"
"0","map4"
